{"cameraMode":{"drawMode":0,"name":"Shaded","section":"Shading Mode"},"sceneLighting":false,"audioPlay":false,"sceneViewState":{"m_AlwaysRefresh":false,"showFog":true,"showSkybox":false,"showFlares":true,"showImageEffects":true,"showParticleSystems":true,"showVisualEffectGraphs":true,"m_FxEnabled":true},"in2DMode":false,"pivot":{"x":-435.79998779296877,"y":131.86000061035157,"z":118.1725082397461},"rotation":{"x":0.012675576843321324,"y":-0.9870139360427856,"z":0.09983863681554795,"w":0.12532098591327668},"size":1.0606601238250733,"orthographic":false}