{"cameraMode":{"drawMode":0,"name":"Shaded","section":"Shading Mode"},"sceneLighting":false,"audioPlay":false,"sceneViewState":{"m_AlwaysRefresh":false,"showFog":false,"showSkybox":false,"showFlares":true,"showImageEffects":true,"showParticleSystems":false,"showVisualEffectGraphs":true,"m_FxEnabled":true},"in2DMode":false,"pivot":{"x":-404.2369384765625,"y":137.53182983398438,"z":-323.67498779296877},"rotation":{"x":-0.012996840290725232,"y":0.7422700524330139,"z":0.014537544921040535,"w":0.6698945760726929},"size":30.101511001586915,"orthographic":false}